class,cbo,wmc,dit,noc,rfc,lcom,nom,nopm,nosm,nof,nopf,nosf,nosi,loc
org.joda.time.Partial,14,98,3,0,57,560,45,40,0,8,0,2,20,947
org.joda.time.chrono.GJMonthOfYearDateTimeField,2,6,5,0,6,15,6,4,0,1,0,1,5,56
org.joda.time.chrono.BasicWeekOfWeekyearDateTimeField,6,17,4,0,15,36,13,10,0,2,0,1,4,103
org.joda.time.field.DecoratedDurationField,3,12,3,1,9,0,10,10,0,2,0,1,0,89
org.joda.time.chrono.BasicGJChronology,4,46,5,2,7,26,8,0,0,6,0,6,0,176
org.joda.time.DurationField,2,22,1,4,3,190,20,20,0,0,0,0,0,294
org.joda.time.field.BaseDurationField,2,15,2,2,8,60,12,11,0,2,0,1,4,150
org.joda.time.DateTimeZone,19,155,1,3,68,1323,51,36,21,14,1,12,45,1241
org.joda.time.tz.CachedDateTimeZone,3,38,2,0,16,42,17,13,1,10,2,2,1,182
org.joda.time.field.PreciseDateTimeField,3,10,4,0,8,7,7,7,0,3,0,1,2,131
org.joda.time.field.BaseDateTimeField,6,89,2,5,46,1269,51,49,0,1,0,0,6,939
org.joda.time.chrono.BasicMonthOfYearDateTimeField,6,43,4,1,39,0,18,16,0,5,0,2,7,328
org.joda.time.chrono.BasicDayOfYearDateTimeField,6,14,4,0,13,0,10,7,0,2,0,1,4,89
org.joda.time.chrono.GJYearOfEraDateTimeField,6,18,4,0,19,108,16,14,0,2,0,1,2,105
org.joda.time.chrono.BasicWeekyearDateTimeField,4,28,4,0,24,26,17,15,0,3,0,2,4,224
org.joda.time.field.ImpreciseDateTimeField,6,27,5,4,6,217,22,20,0,4,0,2,1,172
org.joda.time.tz.ZoneInfoProvider,2,34,1,0,30,31,11,5,2,4,0,0,5,263
org.joda.time.field.PreciseDurationDateTimeField,3,15,3,5,7,13,10,9,0,3,0,1,1,148
org.joda.time.DateTimeField,4,50,1,3,0,1225,50,50,0,0,0,0,0,620
org.joda.time.JodaTimePermission,0,1,3,0,0,0,1,1,0,1,0,1,0,55
org.joda.time.chrono.BasicChronology,24,82,8,3,71,1421,54,10,0,26,2,22,40,684
org.joda.time.chrono.BasicYearDateTimeField,4,23,4,0,19,0,18,16,0,2,0,1,5,125
org.joda.time.DateTimeUtils,16,54,1,0,26,393,30,24,23,5,0,3,30,548
org.joda.time.DateTimeFieldType,5,85,2,0,39,580,37,34,23,30,0,26,44,546
org.joda.time.chrono.GJEraDateTimeField,5,21,3,0,14,106,17,15,0,2,0,1,7,130
org.joda.time.DurationFieldType,4,48,2,0,16,175,22,19,12,17,0,15,1,321
org.joda.time.chrono.GJDayOfWeekDateTimeField,4,11,4,0,10,43,11,8,0,2,0,1,6,126
org.joda.time.field.DecoratedDateTimeField,4,12,3,6,9,0,10,9,0,2,0,1,0,91
org.joda.time.base.AbstractPartial,9,48,1,3,20,210,21,16,0,0,0,0,3,391
org.joda.time.IllegalFieldValueException,2,27,5,0,13,0,19,17,2,9,0,1,8,302
org.joda.time.field.MillisDurationField,3,26,2,0,6,253,23,21,0,2,1,2,8,145
org.joda.time.field.OffsetDateTimeField,4,24,4,0,21,140,20,20,0,4,0,1,4,192
org.joda.time.field.PreciseDurationField,3,13,3,0,5,0,11,11,0,2,0,1,5,132
org.joda.time.IllegalInstantException,2,7,5,0,5,6,4,3,2,1,0,1,3,80
org.joda.time.chrono.GregorianChronology,5,30,6,0,12,128,17,6,4,8,0,8,11,212
org.joda.time.field.RemainderDateTimeField,6,25,4,0,17,106,20,19,0,4,0,1,2,216
org.joda.time.chrono.BaseChronology,10,69,2,4,80,1225,50,49,0,1,0,1,80,625
org.joda.time.tz.DateTimeZoneBuilder,16,285,3,0,124,2703,87,60,10,34,0,3,49,1527
org.joda.time.field.UnsupportedDateTimeField,6,60,2,0,10,1395,54,51,1,4,0,2,1,485
org.joda.time.tz.FixedDateTimeZone,2,16,2,0,6,17,11,11,0,4,0,1,1,89
org.joda.time.field.ZeroIsMaxDateTimeField,6,29,4,0,25,325,26,26,0,1,0,1,1,175
org.joda.time.chrono.ZonedChronology,15,107,8,0,78,19,67,55,2,12,0,3,4,554
org.joda.time.field.DividedDateTimeField,6,28,4,0,20,31,19,18,0,6,0,1,2,233
org.joda.time.Chronology,7,49,1,1,0,1176,49,49,0,0,0,0,0,452
org.joda.time.field.UnsupportedDurationField,3,31,2,0,9,270,25,22,1,3,0,2,1,249
org.joda.time.chrono.BasicDayOfMonthDateTimeField,6,16,4,0,16,0,10,7,0,2,0,1,7,92
org.joda.time.chrono.AssembledChronology,6,136,3,8,85,1060,49,40,2,74,35,1,35,495
org.joda.time.chrono.ISOYearOfEraDateTimeField,6,18,4,0,19,120,16,14,0,2,0,2,4,99
org.joda.time.chrono.ISOChronology,8,26,4,0,20,79,15,8,3,7,0,6,12,216
org.joda.time.tz.DefaultNameProvider,1,23,1,0,11,10,5,3,0,1,0,0,2,89
org.joda.time.field.ScaledDurationField,4,21,4,0,15,0,17,17,0,2,0,1,3,132
